Year,PassFail,Age,LSAT,UGPA,CivPro,LPI,LPII,1LCUM,FinalGPA,FinalRankPercentile,Accommodations,Probation,LegalAnalysis(TexasPractice),AdvLegalPerfSkills,AdvLegalAnalysis,BarPrepCompany,BarPrepCompletion,OptIntoWritingGuide,#LawSchoolBarPrepWorkshops,MatchedStudent Success Initiative,MatchedBarPrepMentor,MPRE,MPT,MEE,WrittenScaledScore,MBE,UBE
2021,F,29.1,152,3.42,B+,A,A,3.206,3.287,0.458015267175573,,N,N,N,Y,Barbri,0.96,,3,N,N,103,3,2.6667,125.5,133.3,258.8
2021,F,29.6,155,2.82,B+,B,B,2.431,3.197,0.32824427480916,,Y,N,N,Y,Barbri,0.98,,0,Cochran,N,76,3,3.166667,133.1,132.7,265.8
2021,F,29,157,3.46,C,B,B,2.62,2.913,0.083969465648855,,N,N,N,N,Barbri,0.48,,3,Smith,N,99,3,2.66667,125.5,118.2,243.7
2021,F,36.2,156,3.13,D+,C,C+,2.275,2.772,0.0152671755725191,,Y,N,N,N,Barbri,1,,0,Baldwin,N,81,2.5,3,125.5,140.1,265.6
2021,F,28.9,145,3.49,C,C+,C+,2.293,2.905,0.0763358778625954,,Y,Y,N,Y,Themis,0.77,,5,Baldwin,N,99,3.5,2.6667,130.5,125.4,255.9
2021,F,30.8,154,2.85,B+,F,CR,2.538,2.819,0.0458015267175572,,N,N,N,Y,Themis,0.02,,1,Rosen,N,,3,2,115.4,113.5,228.9
2021,F,29.1,149,3.43,C,C,B,2.275,3.005,0.152671755725191,,Y,Y,N,Y,Themis,0.9,,5,Saavedra,N,90,2.5,3.5,133.1,134.7,267.8
2021,F,42.9,160,3.29,C,C+,B,2.655,3.086,0.221374045801527,,Y,N,N,N,Themis,0.76,,5,Christopher,N,97,2.5,3,125.5,140.8,266.3
2021,F,28.3,152,3.62,C+,B,B,2.603,3.213,0.33587786259542,,N,N,N,Y,Themis,0.77,,1,N,N,100,3,2.66667,125.5,103.6,229.1
2021,P,27.1,150,3.07,C,B,C,2.362,2.738,0.00763358778625955,,Y,N,N,Y,Themis,0.88,,5,Christopher,N,78,2.5,3.83333333333333,138,148.6,286.6
2021,P,28.4,148,3.57,C+,A,B+,2.948,3.441,0.687022900763359,,N,N,N,N,Themis,0.95,,0,N,N,97,4.5,3.66666666666667,155.7,141.5,297.2
2021,P,29.5,155,3.26,C+,B,C,2.827,3.168,0.244274809160305,,N,N,N,N,Barbri,0.95,,5,Humphrey,N,114,3.5,3.5,143,159.4,302.4
2021,P,30.3,152,3.96,A,B+,A,3.603,3.803,0.954198473282443,,N,N,N,Y,Themis,1,,5,N,N,99,4,4,155.7,168,323.7
2021,P,28.8,156,3.41,B,B,C+,2.879,3.255,0.389312977099237,,N,N,N,Y,Themis,1,,1,N,N,91,4.5,3.83333333333333,158.1,146.4,304.5
2021,P,35.2,153,3.64,B,C+,B,2.517,3.319,0.488549618320611,,Y,N,Y,N,Themis,0.75,,0,N,N,99,4,3,140.6,145,285.6
2021,P,28.8,151,3.67,B,B+,B,2.793,3.255,0.389312977099237,,N,N,N,N,Barbri,0.97,,2,N,AbbeyCoufal,86,3.5,3.5,143,134.7,277.7
2021,P,36.5,156,3.52,B+,B,A,3.155,3.579,0.770992366412214,,N,N,Y,Y,Barbri,1,,4,N,N,,3,4,145.6,166.2,311.8
2021,P,30.2,157,2.62,B,A,A,3.224,3.346,0.427480916030534,,N,N,Y,Y,Barbri,0.9,,0,N,N,100,4.5,3.5,153.2,136.7,289.9
2021,P,28.7,163,3.45,A,B,B,3.603,3.762,0.938931297709924,,N,N,N,N,Themis,0.6,,0,N,N,105,2.5,3.5,133.1,150.8,283.9
2021,P,28.4,155,3.25,B,B,B,2.862,3.032,0.16793893129771,,N,N,N,N,Themis,0.48,,0,Smith,N,79,3.5,3.16666666666667,138,140.8,278.8
2021,P,30.8,155,3.09,B,A,B,2.896,3.068,0.206106870229008,,N,N,N,Y,Themis,0.71,,4,Keffer,N,95,4,3.5,148.2,128.7,276.9
2021,P,30.6,156,3.26,C+,C+,B,3.12,3.612,0.793893129770992,,N,N,N,N,Barbri,0.84,,0,N,N,105,4.5,3.16666666666667,148.2,144.3,292.5
2021,P,29.1,157,2.49,A,B+,B+,3.896,3.639,0.82442748091603,,N,N,N,Y,Barbri,0.85,,1,N,N,132,4.5,3.66666666666667,155.7,169.9,325.6
2021,P,28.7,159,3.59,A,A,B+,3.603,3.755,0.916030534351145,,N,N,N,N,Barbri,1,,2,N,N,96,4.5,4.16666666666667,163.3,158.6,321.9
2021,P,36,159,3.44,A,C+,C+,3.103,3.297,0.480916030534351,,N,N,N,N,,,,0,N,N,124,4,3.5,148.2,146.4,294.6
2021,P,29,148,3.65,C+,B+,B+,3.224,3.284,0.450381679389313,,N,N,N,Y,Barbri,1,,2,N,N,102,4,4.16666666666667,158.1,137.4,295.5
2021,P,31.8,164,3.66,B+,B+,B,3.344,3.559,0.755725190839695,,N,N,N,Y,Barbri,0.85,,5,N,N,114,3,3.16666666666667,133.1,143.6,276.7
2021,P,41.1,151,3.44,B,B,B+,3.172,3.331,0.49618320610687,,N,N,N,Y,Themis,0.89,,3,N,AmberRich,104,4,4.33333333333333,160.7,142.9,303.6
2021,P,27.5,152,3.61,B,B,B+,3.103,3.62,0.809160305343511,,N,N,N,N,Themis,0.83,,5,N,N,,3.5,4,150.6,152.3,302.9
2021,P,28.1,154,3.18,C+,B,C+,3.086,3.259,0.419847328244275,,N,N,N,N,Themis,1,,5,N,ColeShooter,99,3.5,3.33333333333333,140.6,142.2,282.8
2021,P,30.8,156,2.93,B+,C,C+,3,3.132,0.251908396946565,,N,N,N,N,Themis,0.84,,0,Keffer,N,127,5,3.5,158.1,154.6,312.7
2021,P,29.2,148,3.78,B+,B,B+,3.206,3.5,0.725190839694656,,N,N,N,Y,Barbri,0.77,,5,N,DavidHutchens,105,2.5,4.16666666666667,143,159.4,302.4
2021,P,31.3,152,3.55,A,B,B,3.517,3.486,0.717557251908397,,N,N,N,Y,Themis,0.85,,2,N,N,97,4,3.33333333333333,145.6,157.8,303.4
2021,P,37.1,157,3.14,A,B,B+,3.379,3.644,0.83206106870229,,N,N,Y,N,Barbri,0.81,,1,N,N,108,4,3.66666666666667,150.6,143.6,294.2
2021,P,37,161,2.83,C+,C+,B+,2.551,2.994,0.145038167938931,,N,N,Y,N,JD Advising,,,0,Humphrey,N,,4,3.5,148.2,153.1,301.3
2021,P,28.5,158,3.71,A,B+,C+,3.206,3.383,0.564885496183206,,N,N,N,N,Barbri,0.96,,3,N,N,118,4,3.83333333333333,153.2,143.6,296.8
2021,P,28.8,156,3.36,C+,B,B,3.392,3.384,0.572519083969466,,N,N,N,Y,Themis,0.76,,2,N,N,86,3,4.16666666666667,148.2,144.3,292.5
2021,P,29.1,155,3.46,C+,C+,C,2.81,3.342,0.519083969465649,,N,N,N,N,Barbri,0.84,,2,N,N,92,3.5,3.83333333333333,148.2,150.1,298.3
2021,P,29.7,155,3.52,B,B+,B+,3.482,3.433,0.656488549618321,,N,N,N,Y,Barbri,1,,1,N,N,115,4,3.66666666666667,150.6,150.8,301.4
2021,P,29,152,4.01,B,B,B,3.189,3.43,0.648854961832061,,N,N,N,N,Barbri,0.92,,2,N,N,87,4.5,3.16666666666667,148.2,143.6,291.8
2021,P,28.8,149,3.42,A,A,A,3.655,3.595,0.786259541984733,,N,N,N,Y,Themis,0.94,,5,N,ChrisRhodes,99,4,4.16666666666667,158.1,154.6,312.7
2021,P,27.7,150,3.86,B+,B,B+,3.241,3.256,0.404580152671756,,N,N,N,Y,Themis,0.73,,1,N,N,95,3.5,3.33333333333333,140.6,145.7,286.3
2021,P,30.2,150,3.5,C+,C+,C+,2.775,3.191,0.312977099236641,,N,N,N,Y,Themis,0.91,,0,N,N,88,4.5,3.66666666666667,155.7,142.9,298.6
2021,P,29.2,149,4.01,B,B,B,3,3.383,0.564885496183206,,N,N,N,Y,Barbri,1,,0,N,N,111,4,4,155.7,148.6,304.3
2021,P,29.5,158,3.82,B,B,C+,2.827,3.439,0.67175572519084,,N,N,N,Y,Themis,0.87,,3,N,N,111,3.5,4.16666666666667,153.2,143.6,296.8
2021,P,35.5,158,3.28,B,C,B,2.965,3.337,0.50381679389313,,N,N,N,Y,Barbri,0.98,,0,N,N,112,4,3.66666666666667,150.6,157.8,308.4
2021,P,28.9,155,3.31,C+,C,D+,2.62,2.853,0.0534351145038168,,N,N,N,N,Barbri,0.87,,0,Keffer,N,,2.5,3.66666666666667,135.5,139.4,274.9
2021,P,29.7,158,3.15,B+,B+,B,3.327,3.255,0.404580152671756,,N,N,N,N,Themis,0.78,,0,N,N,,3,3.33333333333333,135.5,161,296.5
2021,P,30.3,160,3.03,A,B,A,3.793,3.91,0.984732824427481,,N,N,N,N,Barbri,0.97,,0,N,N,145,5,4.66666666666667,175.8,169,344.8
2021,P,29.2,156,3.35,C+,A,A,3.465,3.708,0.877862595419847,,N,N,N,Y,Barbri,0.97,,2,N,N,102,3,4,145.6,161,306.6
2021,P,28.6,151,4,A,B,B+,3.586,3.685,0.862595419847328,,N,N,N,Y,Themis,0.79,,0,N,N,106,3,4.16666666666667,148.2,161,309.2
2021,P,29.4,156,3.03,C,B,D,2.413,2.81,0.0305343511450382,,Y,N,N,Y,,,,0,Chapman,N,114,3,3.16666666666667,133.1,139.4,272.5
2021,P,28,156,3.29,B,B+,A,3.137,3.25,0.374045801526718,,N,N,N,Y,Barbri,0.92,,0,N,N,114,4.5,3.33333333333333,150.6,142.2,292.8
2021,P,31.4,148,3.69,D+,C,B,2.482,2.818,0.0381679389312977,,Y,N,N,Y,Themis,0.96,,2,Cochran,N,108,4,3.33333333333333,145.6,135.4,281
2021,P,31.1,157,3.3,B+,B,B+,3.189,3.397,0.603053435114504,,N,N,N,N,Themis,0.93,,0,N,N,92,4,4,155.7,139.4,295.1
2021,P,29.2,155,3.4,B,B,B,3.344,3.662,0.854961832061069,,N,N,N,N,Barbri,1,,0,N,ScottKeffer,105,4,3.83333333333333,153.2,157,310.2
2021,P,29,152,3.62,B+,B,B+,3.12,3.528,0.740458015267176,,N,N,N,Y,Barbri,1,,5,N,HollyHaseloff,115,4.5,4.16666666666667,163.3,157.8,321.1
2021,P,32.4,157,2.65,A,A,A,3.81,3.885,0.969465648854962,,N,N,N,Y,Barbri,0.96,,0,N,N,90,2.5,4,140.6,164.5,305.1
2021,P,31.4,150,3.66,C+,A,A,2.741,3.097,0.229007633587786,,N,N,N,Y,Barbri,1,,3,Sherwin,N,94,3.5,3.33333333333333,140.6,145,285.6
2021,P,29.4,152,3.32,B,B,C+,2.724,3.164,0.282442748091603,,N,N,N,Y,Barbri,0.91,,5,N,JustinPlescha,105,4,3,140.6,140.8,281.4
2021,P,29.3,158,3.21,B+,B,B,3.465,3.632,0.816793893129771,,N,N,N,N,Themis,0.81,,4,N,N,97,3.5,5,165.7,163.6,329.3
2021,P,29.3,148,3.82,C+,B+,C+,2.603,3.258,0.412213740458015,,N,N,N,N,Themis,1,,5,N,N,106,3.5,3.33333333333333,140.6,148.6,289.2
2021,P,30.4,152,3.63,B+,B,C+,3.034,3.39,0.587786259541985,,N,N,N,N,Barbri,0.9,,0,N,N,88,3.5,3.66666666666667,145.6,147.9,293.5
2021,P,38.1,157,4.02,A,A,A,3.862,3.737,0.900763358778626,,N,N,N,Y,Barbri,0.9,,0,N,N,119,4.5,4.33333333333333,165.7,157.8,323.5
2021,P,30.3,156,3.43,C,C+,D+,2.448,3.297,0.480916030534351,,Y,N,N,Y,Barbri,0.53,,1,N,N,114,4.5,3.83333333333333,158.1,140.1,298.2
2021,P,33.2,156,3.31,B+,C+,C,3.051,3.39,0.587786259541985,,N,N,N,N,Themis,1,,0,N,N,100,4,3.66666666666667,150.6,151.5,302.1
2021,P,29.1,156,3.34,B,C+,B,2.534,3.065,0.198473282442748,,N,N,N,Y,Themis,0.91,,5,Smith,MerylBenham,100,2.5,3.66666666666667,135.5,138.7,274.2
2021,P,29,154,3.39,B,B,C+,2.775,3.197,0.32824427480916,,N,N,N,N,Themis,0.85,,0,N,DanielleSaavedra,117,4,3.66666666666667,150.6,146.4,297
2021,P,30.7,159,2.69,B+,C,B,3,3.357,0.541984732824427,,N,N,N,N,Themis,0.75,,4,N,N,93,4.5,3.83333333333333,158.1,138.7,296.8
2021,P,29,153,3.57,C+,B,B,3,3.369,0.549618320610687,,N,N,N,Y,Barbri,1,,0,N,N,108,3.5,3.5,143,150.8,293.8
2021,P,27.9,148,3.97,B,B,B+,3.379,3.706,0.870229007633588,,N,N,N,Y,Barbri,1,,1,N,N,138,3,3.66666666666667,140.6,161,301.6
2021,P,30.1,155,2.97,B,B+,B,3.5,3.58,0.778625954198473,,N,N,N,Y,Barbri,0.87,,0,N,N,93,4.5,3.83333333333333,158.1,150.8,308.9
2021,P,41,156,2.83,C,C,C+,2.568,2.888,0.0687022900763359,,N,N,N,Y,Themis,0.81,,0,Humphrey,N,100,3,3.33333333333333,135.5,146.4,281.9
2021,P,32.4,157,3.36,B,A,B,3.189,3.225,0.358778625954199,,N,N,N,N,Themis,0.76,,1,N,N,112,3,3.83333333333333,143,142.9,285.9
2021,P,30.1,158,3.67,B,B,C+,3.051,3.406,0.618320610687023,,N,N,N,N,Barbri,1,,3,N,ColleenElbe(Potts),82,4,2.83333333333333,138,142.9,280.9
2021,P,36.8,160,3.31,A,B,B,3.431,3.567,0.763358778625954,,N,N,N,N,Barbri,0.86,,0,N,N,,4,2.83333333333333,138,162.7,300.7
2021,P,31,158,3.08,A,B+,C+,3.448,3.75,0.908396946564885,,N,N,N,Y,Barbri,0.72,,2,N,N,93,4.5,4,160.7,155.4,316.1
2021,P,30.2,157,4.14,B+,A,B,3.551,3.737,0.900763358778626,,N,N,N,Y,Barbri,0.78,,0,N,N,108,3,4,145.6,160.2,305.8
2021,P,30.9,152,3.52,D+,C+,C+,2.413,3.084,0.213740458015267,,Y,Y,N,Y,Themis,0.88,,2,Christopher,N,87,2.5,3.16666666666667,127.9,155.4,283.3
2021,P,29.5,154,3.97,A,A,A,4,3.895,0.977099236641221,,N,N,N,N,Barbri,0.86,,3,N,N,145,3.5,4.33333333333333,155.7,171.8,327.5
2021,P,28.6,148,3.59,B,B,C+,2.603,3.238,0.366412213740458,,N,N,N,N,Barbri,1,,2,N,N,,4.5,3.83333333333333,158.1,146.4,304.5
2021,P,28.3,155,3.35,B+,A,B+,3.275,3.453,0.702290076335878,,N,N,N,N,Barbri,0.86,,1,N,N,122,3,3.5,138,149.3,287.3
2021,P,30.6,157,3.1,B,B,B,3.396,3.404,0.610687022900763,,N,N,Y,N,Barbri,0.73,,0,N,N,87,4,3.33333333333333,145.6,152.3,297.9
2021,P,31.4,161,3.18,A,B,B+,3.327,3.409,0.633587786259542,,Y,N,N,Y,Themis,0.77,,0,N,N,103,4.5,3.16666666666667,148.2,150.1,298.3
2021,P,29,147,3.87,C+,B,C,2.327,2.938,0.106870229007634,,Y,Y,N,Y,Themis,0.95,,4,Christopher,BenIvey,108,4,3.33333333333333,145.6,149.3,294.9
2021,P,28.5,166,3.51,B+,A,B+,2.948,3.267,0.435114503816794,,N,N,N,Y,Barbri,0.97,,0,N,N,,3,3.33333333333333,135.5,138.7,274.2
2021,P,32,149,3.4,C+,B+,B+,2.965,3.42,0.641221374045801,,N,N,Y,N,Themis,0.88,,3,N,AshleySanders,114,3.5,3.33333333333333,140.6,155.4,296
2021,P,32.3,156,3.37,B,C+,B,2.637,3.012,0.16030534351145,,N,N,N,Y,Themis,0.78,,2,Rosen,N,92,2.5,4,140.6,143.6,284.2
2021,P,30.6,163,3.14,A,A,B+,3.81,3.656,0.83969465648855,,N,N,N,N,Barbri,0.87,,0,N,N,105,3.5,3.66666666666667,145.6,165.3,310.9
2021,P,27.7,159,4.05,A,A,B+,3.534,3.661,0.847328244274809,,N,N,N,Y,Themis,0.84,,0,N,N,117,3.5,3.66666666666667,145.6,140.8,286.4
2021,P,28.4,156,3.65,C,B+,A,2.758,3.445,0.694656488549618,,N,N,N,Y,Themis,0.97,,5,N,N,88,3,2.83333333333333,127.9,152.3,280.2
2021,P,29.2,151,3.42,A,B,B,3.206,3.357,0.534351145038168,,N,N,N,Y,Themis,1,,0,N,N,97,4,4,155.7,158.6,314.3
2021,P,33.7,153,3.01,B,A,B+,3.068,3.616,0.801526717557252,,N,N,N,N,Barbri,0.98,,3,N,KimberlyKelley,111,4,3.5,148.2,140.8,289
2021,P,36.1,162,3.45,A,A,A,3.793,3.814,0.961832061068702,,N,N,N,N,Barbri,1,,5,N,N,99,4.5,4.33333333333333,165.7,161.9,327.6
2021,P,29.8,152,3.34,C+,B,B,2.517,2.67,0,,N,N,N,Y,Barbri,,,1,Chapman,N,88,2.5,3.66666666666667,135.5,134.7,270.2
2021,P,29.9,151,3.36,C+,C+,C+,2.379,3.038,0.175572519083969,,Y,Y,N,Y,Themis,0.8,,5,N,N,94,3.5,3.66666666666667,145.6,126.7,272.3
2021,P,32.3,159,2.27,B,C+,D+,2.5,2.945,0.114503816793893,,Y,Y,N,N,Barbri,0.93,,4,Keffer,N,105,3.5,2.83333333333333,133.1,152.3,285.4
2021,P,31.3,156,3.28,B+,A,B+,3.086,3.393,0.595419847328244,,N,N,N,Y,Themis,0.81,,2,N,MichaelEconomidis,100,4,3.16666666666667,143,147.9,290.9
2021,P,31.6,148,3.79,B+,B+,B+,3.142,3.545,0.748091603053435,,N,N,N,Y,Barbri,1,,5,N,N,113,5,4.16666666666667,168.3,145.7,314
2021,P,31.2,147,3.98,B,B+,B+,3.344,3.758,0.923664122137405,,N,N,N,N,Themis,0.85,,0,N,N,105,4,4.5,163.3,156.2,319.5
2021,P,29.1,157,3.68,B,B,B+,2.892,3.162,0.274809160305344,,N,N,N,N,Themis,0.75,,0,Saavedra,N,92,4.5,3.5,153.2,126.7,279.9
2021,P,27.7,161,3.92,C+,C+,C,2.448,2.914,0.0916030534351145,,N,N,N,Y,Themis,1,,3,N,N,87,3.5,3.16666666666667,138,134,272
2021,P,30.3,160,3.36,B+,B,D,2.62,3.15,0.259541984732824,,Y,N,N,Y,Themis,1,,5,Baldwin,PaulBarkhurst,94,4.5,4.16666666666667,163.3,153.1,316.4
2021,P,28.5,152,3.89,B,C+,C+,2.793,3.177,0.297709923664122,,N,N,N,Y,Themis,0.73,,0,N,N,89,2.5,3.33333333333333,130.5,140.8,271.3
2021,P,28.4,152,3.58,B+,B,B+,2.982,3.439,0.67175572519084,,N,N,N,Y,Barbri,1,,5,N,DeirdreWard,85,4,4.5,163.3,150.1,313.4
2021,P,29.1,153,3.46,A,B+,C+,3.379,3.34,0.511450381679389,,N,N,Y,N,Themis,0.88,,0,N,N,99,4,3.83333333333333,153.2,143.6,296.8
2021,P,28.8,154,3.48,B,B,B,2.81,3.183,0.305343511450382,,N,N,N,N,Barbri,1,,4,Sherwin,N,85,4,4.66666666666667,165.7,158.6,324.3
2021,P,37.9,157,2.93,A,C+,B,3.172,3.476,0.709923664122137,,N,N,N,N,Barbri,0.87,,2,N,BrendaJohnson,95,5,3.16666666666667,153.2,139.4,292.6
2021,P,30.3,153,3.64,B,B,B,2.948,3.35,0.526717557251908,,N,N,N,Y,Themis,0.8,,0,N,N,,4,3.5,148.2,149.3,297.5
2021,P,27.1,159,3.54,C+,B,B+,3.107,3.13,0.244274809160305,,N,N,N,Y,Barbri,0.83,,2,N,N,89,3.5,3.16666666666667,138,136.7,274.7
2021,P,30.1,153,3.37,B+,C+,C+,2.758,2.987,0.137404580152672,,N,N,N,Y,Barbri,0.94,,1,Smith,N,79,4,3.33333333333333,145.6,130.7,276.3
2021,P,28.9,153,3.54,B,B,B,2.785,3.216,0.351145038167939,,N,N,N,Y,Themis,0.93,,3,N,TomHall,85,4,4,155.7,155.4,311.1
2021,P,28.9,154,3.74,B+,A,B,3.775,3.783,0.946564885496183,,N,N,N,N,Themis,0.9,,5,N,N,99,4.5,3.5,153.2,161.9,315.1
2021,P,29.3,156,2.99,B,B,B,2.81,3.054,0.183206106870229,,N,N,Y,Y,Barbri,0.74,,0,Rosen,N,,5,3.66666666666667,160.7,141.5,302.2
2021,P,31.1,156,3.92,A,A,A,4,3.932,0.99236641221374,,N,N,N,Y,Barbri,1,,2,N,VictorMellinger,108,3,4,145.6,164.5,310.1
2021,P,28.4,155,2.84,B,B,C,2.62,2.961,0.122137404580153,,N,N,N,N,Themis,0.67,,5,Saavedra,N,90,2.5,3.66666666666667,135.5,134,269.5
2022,F,28.8,154,3.18,C+,C+,C+,2.466,2.916,0.150793650793651,,Y,N,N,N,Themis,0.767,,4,Baldwin,N,79,3,3.16667,130.9,135.4,266.3
2022,F,28.7,152,2.56,B,C+,C,2.5,3.055,0.253968253968254,,N,N,N,N,Themis,0.582,,0,Baldwin,N,95,2.5,3.66667,133.1,126.5,259.6
2022,F,30.6,158,2.78,C,B+,CR,3.225,3.137,0.333333333333333,,N,N,N,Y,Barbri,0.83,,0,N,N,86,2,3,119.1,135.4,254.5
2022,F,42,153,3.47,A,B+,A,3.5,3.421,0.626984126984127,,N,N,N,N,Themis,0.6962,,0,N,N,95,2,3.16667,121.5,140.1,261.6
2022,F,29.7,159,2.97,C,C,C+,2.283,2.642,0.0476190476190477,,Y,Y,Y,Y,Themis,0.7491,,5,Baldwin,N,79,3,3,128.5,129,257.5
2022,F,28.2,148,3.59,B,A,B+,2.717,3.054,0.246031746031746,,N,N,N,Y,Themis,0.8808,,1,Keffer,N,87,2,3.16667,121.5,134.1,255.6
2022,F,35.6,155,3.45,B,D+,CR,2.763,2.987,0.19047619047619,,N,N,N,N,Barbri,0.91,,0,Sherwin,N,86,2.5,3,123.7,128.3,252
2022,F,34.3,152,3.39,C,A,B,2.652,3.146,0.349206349206349,,N,N,N,N,Barbri,0.96,,5,Christopher,N,85,3.5,3.1667,135.5,115.3,250.8
2022,F,65.7,151,3.61,C,D,C+,2.583,2.769,0.0793650793650794,,N,Y,Y,Y,Barbri,0.64,,5,Rosen,N,85,3,2.1667,116.8,129.6,246.4
2022,F,29,157,3.11,C,B+,B,2.666,3.189,0.396825396825397,,N,N,N,N,Themis,0.6241,,0,N,ClayElliott,87,2.5,3.5,130.9,128.3,259.2
2022,F,28.2,155,3.95,D,B,B,2.433,2.88,0.111111111111111,,Y,Y,N,Y,Themis,0.7204,,5,Saavedra,N,95,2.5,2.3333,114.4,136.1,250.5
2022,F,28.1,151,3.94,C,B,CR,2.687,3.151,0.357142857142857,,N,N,N,Y,,,,0,Keffer,VictorMellinger,109,2.5,2.5,116.8,127.7,244.5
2022,F,32.4,149,3.41,C,B,B,2.931,3.272,0.5,,N,N,N,Y,Barbri,0.94,,0,N,N,99,4,2.66666666666667,133.1,122.1,255.2
2022,F,27.4,153,3.5,C+,C+,C+,2.666,3.064,0.293650793650794,,N,N,N,Y,Themis,0.8808,,2,Saavedra,N,89,3,3.5,135.5,131.5,267
2022,F,28.7,149,4.06,B,A,A,2.875,3.359,0.563492063492063,,N,N,N,N,Barbri,0.93,,0,N,N,93,3.5,3.3333,137.9,131.5,269.4
2022,F,27.7,149,3.6,C+,C+,CR,3.065,3.246,0.484126984126984,,N,N,N,Y,Barbri,0.96,,0,N,N,97,3,3.5,135.5,133.4,268.9
2022,F,28.8,157,2.94,B+,B+,CR,3.656,3.201,0.428571428571429,,N,N,N,N,Themis,0.4,,0,N,N,,3.5,3.66667,142.5,122.7,265.2
2022,F,27.1,153,3.55,B,B,CR,2.842,2.551,0.0158730158730159,,N,N,N,Y,Barbri,0.98,,5,Saavedra,N,77,3,2.66667,123.8,119.6,243.4
2022,P,27.6,155,3.29,C+,C+,CR,3.5,3.088607595,0.309523809523809,,N,N,N,Y,Barbri,0.89,,0,N,N,93,3.5,3.16666666666667,135.5,139.4,274.9
2022,P,25.3,153,3.73,B,A,B+,3.283,3.397849462,0.611111111111111,,N,N,N,N,Themis,0.8817,,5,N,ColleenPotts,,4,4.33333333333333,156.5,160.4,316.9
2022,P,27.3,154,3.39,C+,B+,CR,3.092,2.994047619,0.198412698412698,,N,N,N,N,Themis,0.8208,,0,Rosen,N,119,4,4,151.9,147.8,299.7
2022,P,28.1,155,3.7,C,C+,CR,2.842,3.282894737,0.507936507936508,,N,N,N,Y,Barbri,0.97,,0,N,N,97,4.5,4,156.5,129.6,286.1
2022,P,33.4,158,2.82,C+,C,B+,3.116,3.447674419,0.69047619047619,,N,N,N,Y,Barbri,0.66,,0,N,N,,3.5,3.33333333333333,137.9,147.8,285.7
2022,P,27.4,156,3.54,B,B+,CR,3.208,3.429487179,0.658730158730159,,N,N,N,N,Themis,0.9032,,3,N,N,90,3,4,142.5,144.9,287.4
2022,P,27.9,160,3.87,B,B,CR,3.45,3.362318841,0.571428571428572,,N,N,N,N,Barbri,1,,5,N,BryanGreer,87,3.5,4.16666666666667,149.5,142.8,292.3
2022,P,28.2,157,3.2,A,A,A,3.625,3.601190476,0.817460317460317,,N,N,N,Y,Themis,0.7867,,0,N,N,93,5,3.66666666666667,156.5,148.5,305
2022,P,27.9,156,3.09,B,C,CR,3,3.182352941,0.388888888888889,,N,N,N,Y,Barbri,0.95,,0,N,N,105,2.5,3.33333333333333,128.5,143.5,272
2022,P,28.4,153,3.66,B+,A,A,3.625,3.71969697,0.912698412698413,,N,N,N,N,Barbri,1,,0,N,N,88,4.5,4,156.5,149.3,305.8
2022,P,33.8,160,2.27,B,B,CR,3.15,3.44,0.666666666666667,,N,N,N,N,,,,0,N,N,,4,4.33333,149.9,135.5,285.4
2022,P,32,150,3.24,A,B,CR,3.462,3.373493976,0.595238095238095,,N,N,N,Y,Themis,0.6577,,5,N,N,88,3.5,3.5,140.1,150,290.1
2022,P,28.7,155,3.07,B,C+,CR,2.739,2.903614458,0.134920634920635,,N,N,N,N,Themis,0.9893,,3,Baldwin,N,87,4.5,3,142.5,147.1,289.6
2022,P,28.3,156,3.41,A,B,A,3.633,3.8375,0.952380952380952,,N,N,N,N,Themis,0.94,,0,N,N,130,4,4.83333333333333,163.6,154.6,318.2
2022,P,28.2,157,3.18,B+,B,CR,3.526,3.564935065,0.793650793650794,,N,N,N,N,Barbri,0.9,,0,N,N,83,3.5,4,147.1,140.7,287.8
2022,P,27.6,149,3.55,A,B+,CR,3.281,3.289473684,0.515873015873016,,N,N,N,Y,Barbri,1,,0,N,N,95,3,3.66666666666667,137.9,133.4,271.3
2022,P,29.1,153,3.26,B+,C+,CR,2.891,3.144,0.341269841269841,,N,N,N,Y,,,,5,N,N,95,4,3.83333333333333,149.5,143.5,293
2022,P,28.4,155,3.69,B+,B+,B+,3.5,3.707792208,0.888888888888889,,N,N,N,N,Themis,0.77,,3,N,N,128,4,4.16666666666667,154.1,150,304.1
2022,P,27.8,146,3.87,B+,A,A,3.826,3.716216216,0.904761904761905,,N,N,N,N,Themis,0.89,,0,N,N,88,3,3.83333333333333,140.1,147.8,287.9
2022,P,27.4,157,3.2,B,B,B+,3.216,3.386904762,0.603174603174603,,N,N,N,N,Barbri,0.97,,5,N,HolleyMcDaniel,104,3.5,3,133.1,148.5,281.6
2022,P,27.9,149,3.89,B,B+,B+,3.066,3.057692308,0.261904761904762,,N,N,N,Y,Themis,0.8,,0,Rosen,N,96,3,3.33333333333333,133.1,140.7,273.8
2022,P,27.9,157,3.7,B,C+,B,2.907,3.212643678,0.452380952380952,,N,N,N,N,Themis,0.91,,0,N,TylynnPayne,105,4.5,3.66666666666667,151.9,151.5,303.4
2022,P,27.9,158,3.45,B,B,CR,3.125,3.13253012,0.325396825396825,,N,N,N,Y,Themis,0.79,,0,N,N,89,4.5,3.5,149.5,136.1,285.6
2022,P,28.9,160,3.9,B,B+,CR,3.605,3.51875,0.714285714285714,,N,N,N,Y,Themis,0.87,,0,N,N,110,4.5,4,156.5,153.8,310.3
2022,P,36.6,160,3.37,A,B+,A,3.95,3.958333333,0.984126984126984,,N,N,N,N,Themis,0.81,,2,N,N,121,4.5,4,156.5,157,313.5
2022,P,28.3,156,3.86,A,B+,A,3.942,3.922535211,0.976190476190476,,N,N,N,N,Barbri,0.95,,0,N,N,123,3.5,4.33333333333333,151.9,158.7,310.6
2022,P,28.3,157,3.28,B+,C+,B,3.3,3.424418605,0.634920634920635,,N,N,N,N,Themis,0.9,,0,N,JustinPlescha,93,5,4,161.2,153.1,314.3
2022,P,27.8,155,3.55,B,C+,CR,3.093,3.019736842,0.222222222222222,,N,N,N,N,,,,0,Smith,ColeShooter,82,4,2.83333333333333,135.5,140.7,276.2
2022,P,28,156,2.88,B+,B+,A,3.326,3.519230769,0.722222222222222,,N,N,N,Y,Barbri,1,,5,N,MerylBenham,99,5,4,161.2,152.3,313.5
2022,P,27.3,156,3.25,B+,B+,C+,2.833,2.914473684,0.142857142857143,,N,N,N,N,Themis,0.75,,0,Keffer,ColleenByrom,97,3.5,4,147.1,139.4,286.5
2022,P,28.1,157,3.43,A,A,A,3.923,3.7625,0.928571428571429,,N,N,N,Y,Barbri,0.94,,0,N,N,110,4,4.33333333333333,156.5,147.8,304.3
2022,P,34.9,155,3.22,B+,B+,CR,3.437,3.611,0.833333333333333,,N,N,N,Y,,,,0,N,N,,4.5,4.3333,154.8,159.7,314.5
2022,P,27.5,157,3.75,B+,B+,CR,3.725,3.7125,0.896825396825397,,N,N,N,N,Barbri,0.92,,0,N,N,111,4.5,4,156.5,157.9,314.4
2022,P,32.9,155,3.46,A,A,A,3.733,3.808139535,0.944444444444444,,N,N,N,N,Themis,0.99,,5,N,AshleySanders,111,4.5,4.66666666666667,165.9,157.9,323.8
2022,P,27.3,156,3.51,B,A,CR,3.5,3.52,0.73015873015873,,N,N,N,N,Themis,0.41,,0,N,N,98,4.5,4.33333333333333,161.2,146.3,307.5
2022,P,27.5,156,3.42,B,C+,B,3.055,3.105555556,0.317460317460317,,N,N,N,Y,Themis,0.87,,1,Sherwin,N,87,4,3.33333333333333,142.5,128.3,270.8
2022,P,26.2,153,4.12,B,A,A,3.5,3.470930233,0.698412698412698,,N,N,N,N,Themis,0.85,,0,N,N,97,4.5,3.83333333333333,154.1,149.3,303.4
2022,P,32.1,157,2.67,C+,C+,CR,3.282,3.196428571,0.412698412698413,,N,N,N,N,Themis,0.91,,0,N,N,107,3,3.83333333333333,140.1,157.9,298
2022,P,28,157,3.53,B+,A,CR,3.9,3.636363636,0.857142857142857,,N,N,N,Y,Barbri,0.87,,0,N,N,99,4,4.5,158.9,136.1,295
2022,P,27.3,153,3.74,B,B,CR,3.208,3.058441558,0.26984126984127,,N,N,N,N,Themis,0.7,,0,Sherwin,PaulaMillan,76,3,3.5,135.5,138,273.5
2022,P,27.9,154,3.22,A,B+,CR,3.673,3.37037037,0.587301587301587,,N,N,N,Y,Barbri,0.85,,0,N,N,97,3,4.16666666666667,144.9,136.7,281.6
2022,P,27.4,145,3.21,B,B+,CR,3.531,3.295774648,0.523809523809524,,N,N,N,Y,Barbri,0.99,,0,N,N,90,4.5,3.83333333333333,154.1,140.1,294.2
2022,P,27.7,154,3.4,C,C,CR,2.2,2.975609756,0.166666666666667,,Y,Y,N,Y,Themis,0.7,,5,Sherwin,N,103,4.5,3,142.5,136.1,278.6
2022,P,29.9,158,3.38,B+,B,CR,3.65,3.544871795,0.777777777777778,,N,N,N,Y,Barbri,0.96,,0,N,N,104,5.5,4.5,173,140.7,313.7
2022,P,27.9,150,3.64,C+,C,C+,2.326,2.725352113,0.0714285714285714,,N,N,N,N,Themis,0.86,,5,Saavedra,N,,3,3.83333333333333,140.1,130.9,271
2022,P,29.7,152,3.75,C+,C+,CR,2.775,3.3125,0.53968253968254,,N,N,N,N,Themis,1,,0,N,N,,3.5,4.33333333333333,151.9,153.1,305
2022,P,29.2,156,3.6,B+,B+,B,3.4,3.244186047,0.476190476190476,,N,N,N,Y,Themis,0.85,,0,N,DeirdreWard,87,5,3.66666666666667,156.5,149.3,305.8
2022,P,26.3,157,4,A,A,A,3.894,3.88,0.96031746031746,,N,N,N,Y,Barbri,0.99,,0,N,DeirdreWard,107,4.5,4.16666666666667,158.9,167.6,326.5
2022,P,35.7,153,3.52,B+,B,B+,3.166,3.201149425,0.428571428571429,,N,N,N,Y,Themis,0.46,,0,N,N,85,4,3.83333333333333,149.5,153.1,302.6
2022,P,38.4,155,3.78,A,B+,B,3.65,3.688888889,0.880952380952381,,N,N,N,Y,Themis,0.74,,0,N,HoltonWestbrook,102,3.5,4.5,154.1,150,304.1
2022,P,30.7,152,3.48,C,C+,CR,2.343,2.979166667,0.174603174603175,,N,N,N,Y,Themis,0.85,,5,Sherwin,ColleenPotts,79,4,3.33333333333333,142.5,137.4,279.9
2022,P,28.9,158,3.02,B,B,CR,3.35,3.427631579,0.650793650793651,,N,N,Y,Y,Themis,0.85,,1,N,N,91,4,4.16666666666667,154.1,156.2,310.3
2022,P,48.3,156,2.74,D+,B,B+,3.076,3.168918919,0.365079365079365,,N,N,N,Y,Themis,0.89,,0,N,MistyPratt,97,2.5,4.16666666666667,140.1,140.7,280.8
2022,P,28.2,157,3.63,C+,B+,B+,3.066,3.305555556,0.531746031746032,,N,N,N,Y,Themis,0.72,,5,N,DanielleSaavedra,87,3,4.16666666666667,144.9,144.2,289.1
2022,P,27.2,157,3.69,B,C+,A,3.021,2.892405063,0.126984126984127,,N,N,N,Y,Themis,0.82,,0,Sherwin,N,101,4.5,4,156.5,132.8,289.3
2022,P,27.5,156,3.64,B,A,B+,3.25,3.427777778,0.650793650793651,,N,N,N,N,Barbri,0.8,,0,N,N,121,4,3.33333333333333,142.5,148.5,291
2022,P,27.3,156,3.23,A,C+,CR,3.145,3.4,0.619047619047619,,N,N,N,Y,Themis,0.97,,2,N,MikelaBryant,89,4,3.83333333333333,149.5,135.4,284.9
2022,P,28,154,3.97,B+,B+,CR,3.156,3.536231884,0.746031746031746,,N,N,N,N,Barbri,1,,5,N,MikelaBryant,87,3,3.83333333333333,140.1,142.8,282.9
2022,P,27.7,151,3.46,B,B,B,2.947,3.063291139,0.277777777777778,,N,N,N,Y,Quimbee,,,2,Christopher,N,99,3.5,3,133.1,147.8,280.9
2022,P,28.8,165,3.47,B+,B,B+,3.4,3.55,0.785714285714286,,N,N,N,Y,Themis,0.72,,1,N,N,101,4.5,3.83333333333333,154.1,153.1,307.2
2022,P,27.9,160,3.81,B,B+,CR,3.656,3.688405797,0.880952380952381,,N,N,N,Y,Themis,0.99,,1,N,N,99,3,4.5,149.5,159.5,309
2022,P,30.5,155,3.04,B+,B+,CR,3.281,2.957317073,0.158730158730159,,N,N,N,N,Barbri,0.87,,5,Chapman,N,93,3.5,3.16666666666667,135.5,134.1,269.6
2022,P,30.1,154,3.19,B+,B+,A,3.233,3.441860465,0.682539682539683,,N,N,N,Y,Themis,0.87,,1,N,N,104,2.5,3.66666666666667,133.1,147.8,280.9
2022,P,25.9,159,3.96,B+,B+,CR,3.722,3.574712644,0.801587301587302,,N,N,N,Y,Barbri,0.78,,1,N,N,107,4,3.16666666666667,140.1,144.2,284.3
2022,P,29.3,157,3.17,C+,D+,C+,2.608,3.048192771,0.238095238095238,,N,N,Y,Y,Themis,0.99,,5,Humphrey,N,111,5,4.16666666666667,163.6,154.6,318.2
2022,P,28.2,155,3.34,B,B,B+,3.333,3.441176471,0.682539682539683,,N,N,N,Y,Themis,0.85,,1,N,N,94,4,4.33333333333333,156.5,141.4,297.9
2022,P,28.1,154,3.21,B+,B,B+,3.083,3.337078652,0.555555555555556,,N,N,Y,N,Barbri,1,,0,N,VictoriaWhitehead,83,3.5,3.83333333333333,144.9,144.2,289.1
2022,P,27.7,157,3.41,B,B,CR,3.342,3.538961039,0.753968253968254,,N,N,N,Y,Themis,0.95,,5,N,ClayElliott,114,4,3.66666666666667,147.1,150,297.1
2022,P,27.9,155,3.56,A,C,CR,3.375,3.625,0.849206349206349,,N,N,N,N,Barbri,0.95,,1,N,DolphWenzel,124,5,3.5,154.1,157,311.1
2022,P,28.8,160,3.52,C+,C+,C+,3,3.032967033,0.23015873015873,,N,N,N,Y,Themis,0.89,,0,Humphrey,JosephAustin,79,2.5,4.16666666666667,140.1,155.4,295.5
2022,P,28.9,155,2.78,C+,B,CR,3.037,3.426136364,0.642857142857143,,N,N,N,N,Barbri,0.69,,1,N,N,95,3,3.83333333333333,140.1,137.4,277.5
2022,P,27.5,154,3.28,C+,B+,B+,2.833,3.067073171,0.301587301587302,,N,N,N,Y,Themis,0.89,,0,N,LauraMcDivitt,116,4.5,4.66666666666667,165.9,147.8,313.7
2022,P,29.8,152,3.22,B,C,C,2.59,2.615853659,0.0396825396825397,,N,Y,N,N,,,,5,Christopher,SaraThornton,102,4,3.33333333333333,142.5,133.4,275.9
2022,P,31.2,153,3.26,A,B+,A,3.711,3.743902439,0.920634920634921,,N,N,N,N,Themis,0.84,,0,N,N,,3.5,3.83333333333333,144.9,149.3,294.2
2022,P,29.3,151,2.96,B,B,CR,3.342,3.368421053,0.579365079365079,,N,N,N,N,Barbri,1,,0,N,N,87,3,3.83333333333333,140.1,138,278.1
2022,P,27.4,155,3.97,A,B+,A,3.944,3.891,0.968253968253968,,N,N,N,N,Themis,0.8638,,2,N,Y-DanielleSaavedra,110,4.5,5.33333333333333,175.2,163.9,339.1
2022,P,28.2,156,3.08,B,D,A,3,3.532,0.738095238095238,,N,N,N,N,Barbri,0.93,,0,N,N,,3.5,4,139.8,149.5,289.3
2022,P,27.9,157,3.36,B,B,B,2.954,3.064102564,0.293650793650794,,N,N,Y,Y,Barbri,0.75,,0,N,N,99,3,3.16666666666667,130.9,146.3,277.2
2022,P,31.2,154,3.26,B+,C+,B+,3.391,3.542,0.761904761904762,,N,N,N,N,Barbri,1,,1,N,HollyHaseloff,111,3.5,2.83333333333333,130.9,139.4,270.3
2022,P,27.5,157,3.02,B,C+,C+,2.55,3.005813953,0.214285714285714,,N,N,Y,Y,Themis,0.69,,1,Sherwin,N,98,4,3.5,144.9,153.8,298.7
2022,P,28,155,3.53,B,B+,CR,3.55,3.767605634,0.936507936507937,,N,N,N,Y,Themis,1,,0,N,N,114,4.5,4.5,163.6,168.6,332.2
2022,P,34,156,2.21,A,C+,CR,2.907,3.329268293,0.547619047619048,,N,N,N,N,Barbri,1,,0,N,N,99,3.5,3.33333333333333,137.9,150.8,288.7
2022,P,28.1,149,3.57,C,B,B,2.807,3.191011236,0.404761904761905,,N,N,N,Y,Themis,0.87,,0,N,N,99,2.5,2.83333333333333,121.5,153.8,275.3
2022,P,29.4,155,3.21,B,C,C+,2.673,3,0.206349206349206,,N,N,N,N,Themis,0.99,,0,Chapman,N,84,4.5,3.5,149.5,139.4,288.9
2022,P,29.6,153,3.76,B+,B+,B+,3.266,3.577777778,0.80952380952381,,N,N,N,N,Barbri,0.86,,2,N,N,92,4.5,3.83333333333333,154.1,146.3,300.4
2022,P,27.1,149,3.83,A,A,A,4,3.982954545,0.992063492063492,,N,N,N,Y,Barbri,0.97,,0,N,N,111,4.5,3.66666666666667,151.9,153.1,305
2022,P,35.2,158,2.72,C+,D,C+,2.3,2.615789474,0.0317460317460317,,Y,N,N,N,Barbri,1,,0,N,N,107,3.5,3.16666666666667,135.5,145.6,281.1
2022,P,28.1,155,3.72,A,B,CR,3.375,3.54375,0.76984126984127,,N,N,N,N,Barbri,0.93,,0,N,N,104,4,3.16666666666667,140.1,148.5,288.6
2022,P,29,154,3.32,A,B,CR,3.812,3.6171875,0.841269841269841,,N,N,N,N,,,,0,N,N,95,4,3.83333333333333,149.5,158.7,308.2
2023,F,31.8,150,3.73,D+,D+,C+,2.466,2.94375,0.204225352112676,,Y,,,,Kaplan,,Y,1,Saavedra,N,,3,3.17,129.5,136,265.5
2023,F,31,159,3.44,B+,C+,C+,2.466,2.702247191,0.0620689655172414,,N,,,,Kaplan,0.1063,N,0,McDonald,N,,2.5,3,121.7,111.6,233.3
2023,F,29.6,159,2.84,B+,B,B,2.966,2.961111111,0.232394366197183,,N,,,,Kaplan,0.2375,N,0,Christopher,N,,2.5,4,137.3,119.6,256.9
2023,F,42,146,3.22,C+,B,B+,3.033,3.10989011,0.359154929577465,,N,,,,Barbri,0.973,N,1,N,N,,2.5,2.83,119.1,130.6,249.7
2023,F,26.6,157,3.25,B+,B,B,2.966,2.921052632,0.183098591549296,,N,,,,Themis,0.2228,N,1,N,N,,2,3.33,121.7,140.7,262.4
2023,F,28.4,144,2.86,B,T,B,T,3.046153846,0.302816901408451,,N,,,,Themis,0.8974,Y,5,Saavedra,N,,3.5,2.33,121.7,138.7,260.4
2023,F,28.1,148,3.49,B,B+,B+,2.3,3.028409091,0.28169014084507,,Y,,,,Barbri,0.705,Y,5,N,DeirdreWard,,2.5,2.67,116.4,127.4,243.8
2023,F,28,153,3.39,B,B,A,2.833,3.072222222,0.330985915492958,,N,,,,Themis,0.931,N,3,N,PaulaMilan,,3,2.33,116.4,135.3,251.7
2023,F,25.3,152,3.93,B+,B,B,2.883,2.769230769,0.0492957746478874,,N,,,C+,,,N,0,Gonzalez,N,,2,3,116.4,122.8,239.2
2023,F,27.2,155,3.22,C+,C+,C+,2.5333,2.727777778,0.028169014084507,,N,,,,Barbri,0.865,N,3,Keffer,N,,3,3.67,137.3,128.7,266
2023,P,41,157,2.01,B,B,B+,2.633,2.85,0.0915492957746479,,N,,,,Themis,0.9142,N,1,Christopher,N,,3.5,3.83333,145,154,299
2023,P,32.2,159,2.08,B,B+,B,3.416,3.368421053,0.654929577464789,,N,,,,Themis,0.5641,N,0,N,N,,3.5,3.16667,134.6,141.4,276
2023,P,26.7,152,3.61,B,B,B,3.083,3.292207792,0.598591549295775,,N,,,B+,Barbri,0.982,N,5,N,JohnMoore,,5,3.83333,160.6,147.9,308.5
2023,P,26.9,157,3.57,B+,C+,B,3.233,3.576470588,0.823943661971831,,N,,,A,Themis,0.6177,N,0,N,N,,4.5,4.83333,170.8,154.8,325.6
2023,P,29,157,3.3,B+,B,B,3.5,3.7,0.880281690140845,,N,,,,Barbri,0.986,N,1,N,GrantCoffey,,3.5,3.83333,145,143.5,288.5
2023,P,27.2,156,2.87,B+,C+,C+,2.95,3.1875,0.464788732394366,,N,,,B,Barbri,0.987,N,2,N,N,,4,4.16667,155.3,136,291.3
2023,P,26.8,157,3.8,C,B+,B,2.666,3.043956044,0.288732394366197,,N,,,B,Barbri,0.962,N,1,N,ColleenPotts,,4.5,4.16667,160.6,136.6,297.2
2023,P,28.2,155,3.1,A,B,B,3.033,3.094444444,0.352112676056338,,N,,,,Themis,0.9422,N,0,N,N,,4,3.5,145,134,279
2023,P,26.2,157,3.71,B,B,B,3.35,3.465517241,0.753521126760563,,N,,,B+,Barbri,1,N,0,N,N,,4,4.16667,155.3,144.2,299.5
2023,P,27.6,158,2.74,B,B,C+,2.5,2.950549451,0.225352112676056,,N,,,,Themis,0.7995,Y,5,Keffer,ColeShooter,,4,3.83333,150.2,150.1,300.3
2023,P,26.8,155,3.65,B,B+,A,3.366,3.5,0.78169014084507,,N,,,,Barbri,0.882,Y,5,N,N,,3.5,4.33333,152.8,134.6,287.4
2023,P,27,155,3.59,C+,B+,C+,2.816,3.196629213,0.485915492957746,,N,,,C+,Barbri,1,N,0,N,N,,4.5,4.33333,163,142.8,305.8
2023,P,30.2,160,2.38,B+,C,C+,2.95,3.27173913,0.563380281690141,,N,,,B+,Themis,0.862,N,0,N,RebekaLuna,,4,4.5,160.6,155.6,316.2
2023,P,28.2,152,3.09,B+,B+,A,3.6,3.731958763,0.901408450704225,,N,,,,Barbri,0.989,N,0,N,N,,4,3.66667,147.5,156.4,303.9
2023,P,27.4,156,3.6,B,B,C+,2.966,3,0.267605633802817,,N,,,B+,Barbri,0.98,N,5,N,N,,3.5,3.66667,142.4,142.1,284.5
2023,P,26.9,155,3.77,C,B+,B+,3.266,3.443181818,0.732394366197183,,N,,A,,Barbri,0.99,N,5,N,N,,4,4.16667,155.3,155.6,310.9
2023,P,28.2,155,3.04,A,B+,B+,3.766,3.824175824,0.929577464788732,,N,,,,Barbri,0.849,N,1,N,N,,5,5.16667,181.2,150.1,331.3
2023,P,26.4,155,3.44,A,B+,B,3.316,3.574712644,0.816901408450704,,N,,,,Barbri,0.858,N,0,N,N,,4,3.66667,147.5,147.1,294.6
2023,P,26.6,162,3.86,C+,C+,C+,2.583,2.857142857,0.0985915492957746,,N,,,,Barbri,0.64,N,4,Corn,N,,3,4,142.4,131.3,273.7
2023,P,37,161,2.94,B,B+,B+,3.5,3.43373494,0.704225352112676,,N,,A,,Themis,0.8844,Y,4,N,N,,5,3.33333,152.8,145.7,298.5
2023,P,31.5,151,3.66,C,B,B,2.716,3.048192771,0.316901408450704,,N,,,,Themis,0.9012,N,3,N,MerylBenham,,2.5,4,137.3,147.9,285.2
2023,P,25.3,160,4,B+,B,B,3.05,3.277173913,0.584507042253521,,N,,,,Themis,0.9142,N,3,N,DenetteVaughn,,4,4.66667,163,142.8,305.8
2023,P,27,155,3.7,C+,B,C+,2.316,2.916666667,0.169014084507042,,Y,A,A,,Themis,0.8471,N,3,Lux,KatyCrocker,,4.5,4,157.9,143.5,301.4
2023,P,29.4,159,3.23,B,B+,B+,3.433,3.574712644,0.816901408450704,,N,,,,Barbri,0.917,N,1,N,N,,3,4.16667,145,163.2,308.2
2023,P,26.9,157,3.87,A,A,B+,3.516,3.644444444,0.859154929577465,,N,,,,Themis,0.7501,Y,5,N,CadyMello,,2.5,4,137.3,156.4,293.7
2023,P,26.5,156,3.33,C+,C,B,2.583,2.877777778,0.119718309859155,,N,,,,Barbri,0.975,N,0,N,N,,3.5,4,147.5,138.7,286.2
2023,P,27.1,156,3.3,B+,B+,B,3.45,3.676136364,0.866197183098592,,N,,,,Barbri,0.906,N,1,N,AshleyPirtle,,4,3.66667,147.5,154,301.5
2023,P,26.6,154,3.81,B,B,B,2.983,3.356382979,0.633802816901408,,N,,B,B,Barbri,1,N,5,N,N,,5.5,4.33333,173.5,147.9,321.4
2023,P,26.1,151,4.04,B+,A,A,3.733,3.813253012,0.922535211267606,,N,,A,,Themis,0.8741,N,0,N,N,,4,4.33333,157.9,166.9,324.8
2023,P,28.2,159,3.07,B,C,C+,2.766,3.2,0.492957746478873,,N,,,,Kaplan,0.9594,N,3,N,N,,4,3.83333,150.2,163.2,313.4
2023,P,25.7,154,3.93,B+,B+,A,3.7,3.706896552,0.887323943661972,,N,,,,Themis,0.8918,N,0,N,N,,4.5,4.83333,170.8,157.2,328
2023,P,26.6,153,3.69,B+,B+,B,2.916,3.048913043,0.316901408450704,,N,,,B,Themis,0.931,Y,5,N,QuentinWetsel,,3,3.66667,137.3,146.4,283.7
2023,P,29.1,155,3.29,A,B,B,3.533,3.457831325,0.73943661971831,,N,,,A,Themis,1,N,1,N,DavidRice,,4.5,4.66667,168.3,156.4,324.7
2023,P,26.5,156,3.71,C+,B,B,3.116,3.272727273,0.570422535211268,,N,,A,B+,Barbri,1,Y,2,N,AshleySanders,,4,3.83333,150.2,138,288.2
2023,P,28.5,159,3.79,C+,C+,C,2.816,2.946236559,0.211267605633803,,N,,,,Themis,0.5981,Y,5,RSherwin,N,,2.5,3,121.7,150.9,272.6
2023,P,32.3,157,3,A,C+,D,2.916,2.794444444,0.0633802816901409,,N,,,,Barbri,0.934,N,1,RSherwin,N,,3,4.16667,145,156.4,301.4
2023,P,27.7,162,4.01,B+,A,A,3.5,3.35,0.619718309859155,,N,,,A,Themis,0.4005,N,5,N,N,,3.5,3.66667,142.4,145,287.4
2023,P,26.5,158,3.82,A,B,A,3.766,3.827777778,0.936619718309859,,N,,A,A,Barbri,1,Y,5,N,ClayElliott,,4,4.5,160.6,165.9,326.5
2023,P,29.3,155,3.5,B,C,C+,2.9,2.942307692,0.197183098591549,,N,,,,,,N,0,N,N,,2.5,3.33333,126.9,151.6,278.5
2023,P,25.7,160,3.63,A,A,A,3.733,3.770114943,0.908450704225352,,N,,,,,,N,0,N,N,,5,4,163,159.7,322.7
2023,P,28.9,145,3.81,C+,C+,C,2.316,2.942307692,0.197183098591549,,N,,,,Themis,0.7669,Y,5,Chapman,N,,4.5,4,157.9,151.6,309.5
2023,P,25.4,151,3.84,B+,C+,B,2.916,3.193181818,0.471830985915493,,N,,,,Themis,0.945,Y,5,N,N,,4.5,4,157.9,135.3,293.2
2023,P,23.1,159,3.13,B,C,C,2.45,2.71978022,0.0140845070422535,,Y,,,C,Themis,0.6671,N,0,McDonald,N,,4.5,3.83333,155.3,150.9,306.2
2023,P,26.4,158,3.49,B,B,B,2.85,3.123529412,0.401408450704225,,N,,,B+,Barbri,1,N,5,N,N,,4,4.66667,163,154,317
2023,P,27.7,155,3.56,B+,A,B+,3.383,3.36,0.640845070422535,,N,,,,Themis,0.572,N,0,N,N,,4,3.33333,142.4,134.6,277
2023,P,33.9,156,2.83,B,B,A,3.283,3.436046512,0.71830985915493,,N,,,,Barbri,0.983,N,0,N,N,,4.5,4.33333,163,154,317
2023,P,31.2,156,3.5,B+,B,B,3.166,3.210227273,0.5,,N,,A,B,,,N,0,N,N,,5,3.33333,152.8,151.6,304.4
2023,P,29.3,153,3.93,B,A,B+,3.5,3.62804878,0.852112676056338,,N,,,,Barbri,0.994,N,3,N,N,,3,4.16667,145,154,299
2023,P,26,157,4,A,B+,B+,3.783,3.866666667,0.964788732394366,,N,,A,,Barbri,0.847,N,0,N,LauraFidelie,,4,4.33333,157.9,163.2,321.1
2023,P,34,155,3.57,B+,B+,B+,3.2,3.24,0.528169014084507,,N,,,,Barbri,1,N,0,N,N,,3,3.83333,139.7,148.6,288.3
2023,P,26.2,157,3.36,B,C+,C+,3.1,3.238372093,0.52112676056338,,N,,B+,C+,Themis,0.6597,N,0,N,N,,3.5,4.66667,157.9,149.4,307.3
2023,P,24.9,154,4,B+,B,B,3.083,3.472222222,0.76056338028169,,N,,,,Barbri,1,Y,5,N,N,,3.5,3.5,139.7,149.4,289.1
2023,P,37.1,156,3.81,B+,A,A,3.383,3.261111111,0.556338028169014,,N,,,C+,Themis,0.2657,N,0,N,N,,3.5,3.83333,145,138,283
2023,P,27.3,162,3.99,A,A,A,4,3.988636364,0.992957746478873,,N,,,,Themis,0.8051,N,4,N,N,,4,4.66667,163,174.9,337.9
2023,P,26.3,157,3.96,B,C+,D,2.3,2.442105263,0,,Y,,A,,Barbri,0.429,N,0,Lux,N,,5,3,147.5,126.7,274.2
2023,P,42.1,150,3.52,C,B,C+,2.266,2.789772727,0.0563380281690141,,Y,,A,B,Barbri,0.987,N,5,Chapman,N,,3,2.83333,124.2,147.1,271.3
2023,P,32.2,158,2.44,B+,A,A,3.8,3.835365854,0.950704225352113,,N,,,A,Barbri,0.979,Y,5,N,N,,4,4.66667,163,159.7,322.7
2023,P,32.9,156,3.38,C+,C+,B,2.783,2.870786517,0.105633802816901,,N,,,,Barbri,0.931,N,5,Keffer,N,,4,2.83333,134.6,136,270.6
2023,P,27.7,157,3.59,B,B,B+,3.066,2.977777778,0.253521126760563,,N,,,C,Barbri,0.742,N,0,N,N,,4.5,4,157.9,142.1,300
2023,P,26.9,157,3.84,C+,B+,B+,2.833,3.361111111,0.647887323943662,,N,,,,Themis,0.7995,N,0,N,N,,3.5,3.5,139.7,146.4,286.1
2023,P,32.2,158,3.06,A,B+,B,3.583,3.38125,0.676056338028169,,N,,,,Barbri,0.726,N,0,N,N,,4,4.33333,157.9,138.7,296.6
2023,P,28.9,158,3.14,C+,B+,B,2.95,3.133333333,0.415492957746479,,N,,,,Themis,0.8546,N,2,N,N,,4,4.5,160.6,155.6,316.2
2023,P,33.6,154,3.44,B+,B,B,2.95,3.194444444,0.47887323943662,,N,,,,Themis,0.7287,N,0,N,MelissaWaggoner,,3.5,4.16667,150.2,124.8,275
2023,P,27.2,158,3.88,B+,B,B,3.333,3.5,0.78169014084507,,N,,,,,,N,0,N,N,,4,4.5,160.6,145.7,306.3
2023,P,26.5,149,3.55,B+,A,A,3.683,3.732142857,0.901408450704225,,N,,,,Barbri,0.873,N,0,N,N,,3,4,142.4,158.8,301.2
2023,P,26,155,3.95,B,B,C+,2.833,2.966666667,0.246478873239437,,N,,,,Themis,0.8452,N,4,McDonald,N,,2.5,4.16667,139.7,152.4,292.1
2023,P,28.4,150,3.68,B,B+,B,2.95,3.172222222,0.457746478873239,,N,,,,Barbri,0.902,N,0,N,N,,3,3.83333,139.7,130.6,270.3
2023,P,27.6,154,3.72,B,C+,B,3.366,3.589285714,0.838028169014085,,N,,,B+,Barbri,0.935,N,3,N,N,,3.5,4.16667,150.2,151.6,301.8
2023,P,27.1,157,2.93,B,C+,C,2.65,2.982954545,0.26056338028169,,N,,,,Barbri,1,N,3,N,N,,3.5,3.5,139.7,147.1,286.8
2023,P,28.4,152,3.3,A,B,B+,3.133,3.261111111,0.556338028169014,,N,,,,Themis,0.6942,N,3,N,AmberBeard,,3.5,3.66667,142.4,138,280.4
2023,P,31.1,158,2.91,C,C+,B,2.783,3.087912088,0.345070422535211,,N,,,,Barbri,0.994,Y,3,N,ReidLollis,,4,3.66667,147.5,132.6,280.1
2023,P,28.8,148,3.46,D+,C+,B,2.5,3.288888889,0.591549295774648,,Y,,,,Themis,0.9329,Y,5,N,MariaOviedo,,3,3.66667,137.3,136.6,273.9
2023,P,26.9,152,3.71,A,B+,B,3.107,3.43258427,0.697183098591549,,N,,,,Barbri,1,N,0,N,N,,3.5,4.33333,152.8,149.4,302.2
2023,P,26.9,141,3.35,T,T,B+,T,3.436507937,0.71830985915493,,N,,,,Themis,0.7562,N,2,N,N,,3.5,4.83333,160.6,134,294.6
2023,P,37.2,154,3.71,B+,A,A,3.75,3.841463415,0.957746478873239,,N,,A,A,Barbri,0.992,N,1,N,N,,4,3.5,145,145,290
2023,P,28.1,149,3.95,B,B,B+,3.15,3.308641975,0.612676056338028,,N,,,,Themis,0.8359,N,2,N,DeirdreWard,,3.5,4.66667,157.9,140,297.9
2023,P,26.9,155,2.97,C+,C+,B,2.966,3.11627907,0.380281690140845,,N,,,B,Barbri,1,Y,5,N,N,,4,4.5,160.6,147.9,308.5
2023,P,29.2,148,2.86,T,T,T,3,3.254237288,0.542253521126761,,N,,,B+,Barbri,0.926,Y,2,N,N,,4,3.5,145,145.7,290.7
2023,P,27.6,151,3.87,C+,D+,C+,2.366,2.656976744,0.00704225352112675,,Y,B,,,Themis,0.7399,N,0,Saavedra,N,,2.5,3.66667,132,141.4,273.4
2023,P,33.5,158,3.41,A,B,C,3.116,3.296703297,0.605633802816901,,N,,,,Themis,0.6998,N,3,N,N,,4,3.66667,147.5,141.4,288.9
2023,P,26.6,155,3.94,B+,B,B,3.2,3.216666667,0.507042253521127,,N,,,,Barbri,0.895,N,1,N,N,,4,3.66667,147.5,145,292.5
2023,P,27.1,157,3.45,B+,C,B+,3.083,3.37195122,0.661971830985915,,N,,,,Themis,1,N,5,N,N,,3.5,4.33333,152.8,169.8,322.6
2023,P,25.4,152,3.28,C+,C,B+,2.466,2.765822785,0.0352112676056338,,N,,B,B,Themis,0.8023,Y,4,Humphrey,N,,4,3,137.3,139.4,276.7
2023,P,26.1,159,3.35,B+,C+,C,2.65,2.9,0.154929577464789,,N,,,,Themis,0.8751,N,1,N,N,,4,3.66667,147.5,140,287.5
2023,P,27.8,156,2.88,C,B,B,2.85,3.166666667,0.450704225352113,,N,,,B,Barbri,0.866,N,1,N,N,,3.5,4.16667,150.2,148.6,298.8
2023,P,26.2,153,3.72,B,B+,B+,3.066,3.126436782,0.408450704225352,,N,,,,Themis,0.4448,Y,4,N,N,,2.5,3.33333,126.9,142.8,270
2023,P,27.4,153,3.64,B+,B+,B,3.083,3.47752809,0.767605633802817,,N,,,A,Barbri,1,N,5,N,N,,4,4.16667,155.3,142.8,298.1
2023,P,33.6,157,3.83,A,B,B+,3.783,3.867088608,0.971830985915493,,N,,B+,,Barbri,1,Y,2,N,N,,5,5.16667,181.2,160.5,341.7
2023,P,27,149,3.79,C,C+,C+,2.4,2.767045455,0.0422535211267606,,Y,B+,,,Themis,0.7814,Y,0,N,N,,4,3.83333,150.2,133.3,283.5
2023,P,27.7,158,3.29,D+,C+,C+,2.483,2.8,0.0774647887323944,,N,,,,Barbri,0.77,N,3,Corn,N,,4,3.5,145,132.6,277.6
2023,P,26.8,155,3.6,B+,C+,B,3.016,3.122222222,0.394366197183099,,N,,,B+,Kaplan,0.975,N,0,N,N,,4,4.33333,157.9,150.1,308
2023,P,27.3,151,3.49,D+,C,C,2.366,3.116666667,0.380281690140845,,N,,,,Themis,0.7576,Y,5,N,N,,3.5,3.5,139.7,132.6,272.3
2023,P,32.3,159,4,A,A,A,4,3.975903614,0.985915492957746,,N,,A,A,,,N,1,N,N,,5,4.5,170.8,180.5,351.3
2023,P,33.7,161,3.13,C,B,C+,2.866,3.164772727,0.436619718309859,,N,,,C+,Helix,,Y,0,N,N,,4,4.16667,155.3,158,313.3
2023,P,26.5,157,3.6,C+,B,B,3.016,3.238372093,0.52112676056338,,N,,,,Themis,1,N,1,N,N,,4,3.66667,147.5,132.6,280.1
2023,P,27.1,156,3.16,B+,B+,B,3.316,3.4375,0.725352112676056,,N,,,,Themis,0.8145,N,3,N,N,,4.5,3,142.4,150.1,292.5
2023,P,28,156,3.33,B,C,B,2.616,2.917582418,0.176056338028169,,N,,,,Quimbee,,Y,5,McDonald,N,,3,3.83333,139.7,150.9,290.6
2023,P,39.1,158,2.78,A,B,A,3.383,3.587209302,0.830985915492958,,N,,,,Themis,0.7939,N,0,N,HaleyHickey,,3.5,3.83333,145,132,277
2023,P,26.7,155,3.54,C+,C,B,2.866,2.948717949,0.21830985915493,,N,,,,,,N,1,Keffer,N,,3,4.16667,145,143.5,288.5
2023,P,26.8,153,3.62,C+,C+,B+,2.833,3.120879121,0.387323943661972,,N,,,B,Themis,0.9096,Y,2,N,BryanGreer,,4,3.66667,147.5,147.1,294.6
2023,P,26.2,159,3.73,C+,B,A,3.066,3.045977011,0.302816901408451,,N,,,,Themis,0.8993,N,0,N,N,,4,4,152.8,140,292.8
2023,P,26.7,152,3.79,C+,B+,B+,3,3.164772727,0.436619718309859,,N,,,B,Barbri,1,N,5,N,JulieDavis,,4,4,152.8,140.7,293.5
2023,P,26.3,156,3.65,B+,B+,B+,3.316,3.276470588,0.577464788732394,,N,,,C+,Barbri,1,N,5,N,JordanChavez,,4,4.33333,157.9,147.1,305
2023,P,28.9,152,2.58,C,C+,C,2.571,2.870967742,0.112676056338028,,N,,,,Barbri,0.895,N,0,Lux,N,,4,3.5,145,138,283
2023,P,29.3,156,2.91,B,B,B,2.883,2.898809524,0.147887323943662,,N,,,,Themis,0.9049,N,5,Gonzalez,N,,3.5,3,132,139.4,271.4
2023,P,27.5,162,3.47,A,B,B+,3.85,3.894444444,0.97887323943662,,N,,,,Barbri,1,N,0,N,N,,4,5.16667,170.8,187.9,358.7
2023,P,26.4,156,3.75,B,B,B,3.166,3.393258427,0.683098591549296,,N,,,,Themis,0.6555,N,0,N,N,,3,3.16667,129.5,142.1,271.6
2023,P,36.1,159,2.46,B,C,C,2.816,3.073863636,0.338028169014085,,N,,,,Barbri,1,N,3,N,N,,3.5,3.66667,142.4,161.4,303.8
2023,P,30.4,153,3.43,B+,B,B+,3.266,3.166666667,0.450704225352113,,N,,,,Barbri,0.852,N,0,N,N,,4,4.16667,155.3,154.8,310.1
2023,P,28.3,156,3.57,B,C,C,2.65,3.026666667,0.274647887323944,,N,,B+,A,Themis,0.7762,N,1,Lux,N,,3.5,3.66667,142.4,159.7,302.1
2023,P,31.5,155,3.49,B+,A,A,3.433,3.6,0.845070422535211,,N,,,,Barbri,0.9,N,0,N,N,,4.5,3.66667,152.8,149.4,302.2
2023,P,27.4,162,3.6,B+,B+,B+,3.766,3.835227273,0.950704225352113,,N,,,,Barbri,0.877,N,0,N,N,,4.5,4.66667,168.3,160.5,328.8
2024,F,25.5,155,3.7,B,B,B,2.833,3.172222222,0.420689655172414,,N,,,,Kaplan,0.9605,Y,4,N,MichaelEconomidis,,3,3,126.8,137.4,264.2
2024,F,25.2,156,3.66,B,B,B,2.716,2.82967033,0.179310344827586,,N,B+,,,Barbri,0.6148,Y,0,Keffer,AshleyPirtle,,3,2.5,129.2,129.9,259.1
2024,F,28.6,157,3.33,C+,C,C,2.55,2.460227273,0.00689655172413794,,N,B+,A,,Themis,0.9742,N,0,Hardberger,N,,3,3.83,134.4,128,262.4
2024,F,26.6,156,3.71,C+,D+,C,2.416,2.627777778,0.0344827586206896,,N ,B+,,B,Kaplan,0.8784,Y,4,Keffer,GrantCoffey,,2,2.83,124.2,136.1,260.3
2024,F,26.7,157,2.93,B,C+,C,2.35,2.688172043,0.0551724137931034,,Y,B,,C,Barbri,0.934,Y,2,Christopher,N,,3,3,121.7,134.2,255.9
2024,F,27.1,158,3.28,C+,B,C,2.733,2.738095238,0.0689655172413793,,N,,,D+,Themis,0.6998,Y,0,Aycock,N,,2,2.5,119.3,126.8,246.1
2024,F,25.3,149,3.67,T,T,T,T,2.612244898,0.0206896551724138,,N,,,,Barbri,0.699,N,0,Lux,N,,3,3.33,136.8,125.6,262.4
2024,F,27.6,153,3.53,C+,C+,C+,2.75,3,0.262068965517241,,N,,,,Barbri,0.855,Y,4,Lauriat,N,,3,2.83,134.4,133,267.4
2024,F,26.5,149,3.59,C,B+,B,2.783,3.027472527,0.282758620689655,,N,,,,Barbri,0.793,Y,0,RSherwin,N,,2,2.33,111.7,115.6,227.3
2024,F,33.8,157,2.63,C+,C+,C+,2.733,2.989247312,0.248275862068966,,N,,A,B,Themis,0.2914,Y,1,Beyer,N,,1,2.83,129.2,118.7,247.9
2024,F,26.1,156,3.58,C+,A,B+,2.933,2.922222222,0.213793103448276,,N,,,D+,Barbri,0.874,N,0,Lauriat,N,,3,3,121.7,145.2,266.9
2024,F,26.2,158,3.55,C,C+,B+,2.316,2.766666667,0.110344827586207,,Y,B,A,,Barbri,0.722,Y,1,Lux,N,,2,3,126.8,123.1,249.9
2024,F,26.8,158,3.32,B,C+,B+,2.783,2.811111111,0.151724137931035,,N,,,,Barbri,0.429,N,0,Chapman,MonicaReyes,,3,3.17,129.2,121.2,250.4
2024,F,23.7,154,4,B,C+,C+,2.266,2.769230769,0.117241379310345,,Y,B,,,Themis,0.895,Y,2,Lux,N,,5,3,131.8,136.1,267.9
2024,F,26.8,150,3.75,D+,B+,B+,2.433,2.994565217,0.255172413793103,,Y,A,,,Barbri,1,Y,0,Christopher,CadyMello,,3,2.67,126.8,124.9,251.7
2024,F,26.8,155,3.61,C+,C+,B+,2.633,3.072222222,0.331034482758621,,N,B+,,B,Themis,0.7578,N,0,N,N,,4,2.67,116.7,129.9,246.6
2024,F,30.9,155,3.62,D+,B+,C+,2.4,2.573033708,0.0137931034482759,,N,B+,,,Barbri,0.974,Y,0,Arrington,N,,3,3,131.8,123.1,254.9
2024,F,25.7,150,3.28,B,C+,B+,2.466,2.79375,0.137931034482759,,N,B+,,C,Themis,0.8094,Y,4,Humphrey,LeenaAl-Souki,,2,2.67,121.7,130.5,252.2
2024,F,26.9,151,3.48,C,B+,C+,2.75,3.1,0.351724137931035,,N,,A,,Kaplan,0.9696,Y,4,N,WilliamWells,,3,2.67,126.8,142.5,269.3
2024,P,27,158,3.74,B,C+,B+,3.066,3.281609195,0.544827586206897,,N,,,,Barbri,0.966,N,0,N,N,,2.5,3.5,134.4,156.4,290.8
2024,P,26.5,159,3.08,A,B+,B+,3.5,3.448863636,0.710344827586207,,N,,,C+,Themis,0.7624,N,0,N,N,,4.5,3.33,151.9,153.5,305.4
2024,P,26,163,2.75,B+,C+,B+,3.066,3.216666667,0.475862068965517,,N,,,,Barbri,0.835,N,0,N,N,,3.5,3.67,146.9,158.7,305.6
2024,P,25.6,157,3.48,A,B+,B+,3.85,3.869318182,0.951724137931034,,N,,,,Barbri,0.845,N,0,N,N,,4,3.67,151.9,168.9,320.8
2024,P,25.5,156,3.56,C,B+,B+,2.866,3.24137931,0.531034482758621,,N,,,,Themis,0.8453,Y,0,N,N,,4,4.33,162,162.7,324.7
2024,P,26.6,156,3.57,A,A,A,3.483,3.641891892,0.862068965517241,,N,,,,Barbri,0.827,N,0,N,N,,3.5,3.33,141.9,149.9,291.8
2024,P,26.3,158,3.53,B+,B+,B+,3.633,3.744186047,0.917241379310345,,N,,,A,Barbri,1,N,0,N,N,,3.5,4.5,159.4,170.8,330.2
2024,P,25.9,157,3.46,B+,B+,B+,3.233,3.21978022,0.489655172413793,,N,,,,Barbri,0.913,Y,0,N,N,,3,4.5,154.4,154.9,309.3
2024,P,31.2,157,3.12,B+,B+,B+,3.25,3.448275862,0.710344827586207,,N,,A,A,Themis,0.9024,Y,0,N,WillRaftis,,5,3.67,162,158.7,320.7
2024,P,56.9,153,3.03,B,B,B,3.1,3.292134831,0.56551724137931,,N,,,,Barbri,0.906,Y,4,N,N,,3,3,131.8,139.3,271.1
2024,P,24.7,157,3.48,C+,B,B,3.05,3.134615385,0.379310344827586,,N,,,,Barbri,1,Y,0,N,PaulaMilan,,4,4,157,140,297
2024,P,26.5,160,2.81,B,A,A,3.05,3.055555556,0.310344827586207,,N,,,B+,Barbri,0.657,N,0,N,N,,3.5,3.33,141.9,141.2,283.1
2024,P,34.9,155,3.29,B+,C+,B,3.316,3.186813187,0.43448275862069,,N,,,C+,Barbri,0.924,N,0,N,N,,3,3.67,141.9,149.9,291.8
2024,P,26.7,161,3.88,A,B+,A,3.92,3.946428571,0.986206896551724,,N,,,,Barbri,1,N,0,N,HaleyHickey,,5.5,4.33,177.1,161.9,339
2024,P,29.9,157,3.39,B,A,C+,3.016,3.144444444,0.386206896551724,,N,,,B+,Kaplan,0.9878,Y,0,N,TasiaEaslon,,3,3,131.8,146.5,278.3
2024,P,25.1,157,4,B,A,A,3.666,3.638554217,0.848275862068965,,N,,,,Barbri,1,Y,0,N,JessicaAycock,,4.5,4.33,167,152,319
2024,P,26.5,159,3.13,B+,B,C+,2.916,3.016853933,0.275862068965517,,N,,A,C+,Barbri,0.968,Y,0,N,N,,3,3.83,144.3,149.9,294.2
2024,P,26.5,163,3.99,A,A,A,3.686,3.831395349,0.937931034482759,,N,,,A,Barbri,0.999,N,0,N,N,,3.5,5.33,172.1,175.9,348
2024,P,25.8,157,3.73,B+,B,C+,2.7,2.811111111,0.151724137931035,,N,B+,,,Barbri,1,Y,0,Lauriat,N,,3,4,146.9,139.3,286.2
2024,P,26.9,158,2.82,B+,C+,C+,3.016,3.016666667,0.275862068965517,,N,,,C+,Barbri,0.864,Y,4,Arrington,N,,4,3.67,151.9,147.2,299.1
2024,P,25.3,158,3.56,B+,B+,A,3.683,3.519230769,0.758620689655172,,N,,,,Themis,0.8895,N,0,N,N,,3,3,131.8,151.3,283.1
2024,P,25.9,154,3.87,C+,B,B,2.433,3.204545455,0.455172413793104,,Y,B+,,,Themis,0.7127,Y,3,N,N,,4,4,157,159.5,316.5
2024,P,29.8,158,2.99,A,B,C+,3.25,3.43956044,0.675862068965517,,N,,,,Barbri,1,N,0,N,N,,4,4,157,154.9,311.9
2024,P,25.4,162,3.61,B+,B,C+,3.366,3.586206897,0.813793103448276,,N,,,,Barbri,1,N,0,N,N,,2.5,4,141.9,152.7,294.6
2024,P,26.6,154,3.33,B,A,A,3.3,3.396551724,0.648275862068965,,N,,,,Barbri,1,Y,0,N,N,,4,4.5,164.6,154.2,318.8
2024,P,30.5,159,3.52,B,B,C+,3.2,3.454545455,0.717241379310345,,N,,,,Barbri,0.862,N,1,N,N,,3.5,4,151.9,147.9,299.8
2024,P,25.5,157,3.76,D+,B,C+,2.816,3.050561798,0.303448275862069,,N,,,B,Themis,0.8969,Y,2,Aycock,N,,4,3.33,146.9,153.5,300.4
2024,P,25.8,156,3.7,A,B+,A,3.833,3.920454545,0.979310344827586,,N,,,,Kaplan,0.997,Y,0,N,N,,3,3.83,144.3,151.3,295.6
2024,P,26.1,159,3.56,B+,B,B,3.1,3.086206897,0.344827586206897,,N,,,B,Barbri,1,Y,2,N,N,,3,4,146.9,159.5,306.4
2024,P,26.1,148,4.01,C+,B+,B+,2.966,3.119047619,0.358620689655173,,N,,,,Themis,0.8112,Y,2,N,N,,3.5,3,136.8,151.3,288.1
2024,P,26.3,157,3.02,B,C+,B,3.3,3.390243902,0.63448275862069,,N,,,,Themis,0.7919,Y,1,N,WillRaftis,,3.5,4,151.9,132.4,284.3
2024,P,25.9,156,3.44,B,B,B,2.766,3.078313253,0.337931034482759,,N,,,C,Themis,0.768,Y,0,N,N,,3,3.67,141.9,155.7,297.6
2024,P,25.6,159,2.92,B,C+,C,2.816,2.686813187,0.0482758620689655,,N,,,C,Themis,0.5304,N,0,McDonald,N,,3,3.67,141.9,150.6,292.5
2024,P,27.9,159,3.99,A,B,B+,3.533,3.666666667,0.875862068965517,,N,,,,Barbri,0.955,Y,0,N,MadelynDeviney,,3.5,3.33,141.9,134.9,276.8
2024,P,25.9,168,3.96,B,B,B+,3.333,3.362637363,0.606896551724138,,N,,,,Barbri,0.878,N,0,N,KathleenGoegel,,3.5,4.67,162,157.2,319.2
2024,P,26.2,159,3.6,C+,B,C+,2.8,2.971910112,0.227586206896552,,N,,,C,Themis,0.7772,Y,2,McDonald,ColleenPotts,,2,3.67,131.8,153.5,285.3
2024,P,25.8,150,3.81,B+,B,B+,3.266,3.391025641,0.641379310344828,,N,,,,Barbri,0.967,Y,0,N,N,,2.5,3.67,136.8,141.2,278
2024,P,26.6,160,3.37,A,C+,B,3.683,3.566666667,0.779310344827586,,N,,,,Barbri,0.789,Y,2,N,N,,3,3.5,139.3,150.6,289.9
2024,P,25.3,160,3.82,B+,B+,B+,3.6,3.55,0.772413793103448,,N,,,,Themis,0.6096,N,0,N,N,,4,3.83,154.4,155.7,310.1
2024,P,31,152,3.56,C,C+,C+,2.5,2.983695652,0.23448275862069,,N,B+,A,A,Themis,0.8251,Y,4,Christopher,N,,4,4,157,161.1,318.1
2024,P,25.7,157,2.98,D+,C+,C,2.7,3.06547619,0.324137931034483,,N,B+,N,N,,,Y,1,McDonald,N,,4,3.5,149.5,138,287.5
2024,P,23.5,153,3.96,B,B,B+,3.533,3.683333333,0.889655172413793,,N,,,,Themis,0.8674,Y,0,N,N,,3,3.5,139.3,131.1,270.4
2024,P,25.1,164,4.04,A,B+,B+,3.833,3.902439024,0.96551724137931,,N,,,,Barbri,1,Y,1,N,N,,3.5,4.33,157,166.2,323.2
2024,P,29.6,158,3.67,B+,B,B+,3.6,3.597701149,0.83448275862069,,N,,,,Themis,0.8508,Y,4,N,N,,4.5,4.67,172.1,164.4,336.5
2024,P,45.7,154,3.66,B,B+,B+,3.2,3.292207792,0.56551724137931,,N,,,,Kaplan,0.997,Y,0,N,JacquelynnMayes,,4.5,3.83,159.4,154.9,314.3
2024,P,25.9,154,3.9,B+,B,C+,2.783,3.238888889,0.517241379310345,,N,,,,Barbri,1,Y,4,N,MadelynDeviney,,3,3.17,134.4,140,274.4
2024,P,24.3,156,3.83,B+,B+,B+,3.116,3.311764706,0.586206896551724,,N,,,B+,Barbri,0.97,Y,0,N,N,,3.5,4.17,154.4,133.6,288
2024,P,56.7,154,3.22,B,B+,B+,3.483,3.51744186,0.751724137931034,,N,,A,B+,Themis,0.9208,Y,0,N,N,,2.5,4.33,146.9,157.2,304.1
2024,P,25.8,155,3.57,B+,B+,B+,3.7,3.729885057,0.910344827586207,,N,,,,Barbri,0.891,N,1,N,N,,4,4,157,157.2,314.2
2024,P,30.7,159,3.33,B,B,B,3.3,3.455555556,0.724137931034483,,N,,,B,Themis,0.7588,Y,4,N,TravisWeibold,,4,4.17,159.4,157.2,316.6
2024,P,23.9,153,3.87,C+,B,C,2.466,3.029411765,0.289655172413793,,N ,B+,A,C+,Themis,0.6879,N,0,Corn,N,,4.5,4.17,164.6,161.1,325.7
2024,P,30.7,156,3.56,B+,B,B,3.416,3.438888889,0.668965517241379,,N,,,B+,Themis,0.8711,Y,1,N,LeenaAl-Souki,,4.5,3.67,157,160.3,317.3
2024,P,27.1,157,3.11,B,D+,D+,2.416,2.75,0.0758620689655173,,N,A,,,Barbri,0.876,Y,0,Corn,N,,2.5,3.33,131.8,140,271.8
2024,P,28.2,157,3.72,B,A,A,3.433,3.379746835,0.627586206896552,,N,,,,Kaplan,0.8359,N,0,N,N,,4,4.17,159.4,153.5,312.9
2024,P,27.6,157,3.52,B,C+,C+,2.95,3.127777778,0.372413793103448,,N,,,,Themis,0.7238,N,1,N,N,,3,3.33,136.8,149.9,286.7
2024,P,26.7,153,3.67,B+,B,B+,3.616,3.574712644,0.8,,N,,,,Barbri,0.943,Y,2,N,LaurenWelch,,3.5,4.17,154.4,149.2,303.6
2024,P,26.4,152,3.62,B+,B+,B+,3.233,3.23125,0.510344827586207,,N,,A,,Barbri,0.896,Y,0,N,N,,4,3.33,146.9,144.5,291.4
2024,P,25.6,158,4.03,B,B,B,3.283,3.573863636,0.793103448275862,,N,,,,Themis,0.8913,Y,0,N,MariaOviedo,,3,3.67,141.9,145.2,287.1
2024,P,28.5,157,3.55,A,A,A,3.863,3.642045455,0.868965517241379,,N,,,,Barbri,1,N,0,N,N,,4,4.67,167,150.6,317.6
2024,P,28.2,156,3.38,F,B,A,2.883,3.370786517,0.613793103448276,,Y,,,A,Themis,0.9024,Y,0,N,N,,3.5,4.17,154.4,150.6,305
2024,P,26,157,3.26,B,B,B,3.15,3.164705882,0.406896551724138,,N,,,,Barbri,0.952,Y,0,N,N,,3.5,3.83,149.5,155.7,305.2
2024,P,25.9,158,3.63,C,C+,D+,2.4,2.856321839,0.193103448275862,,Y,A,,,Barbri,0.955,N,0,Christopher,N,,3.5,3.33,141.9,134.9,276.8
2024,P,25.8,160,3.33,B+,C+,B,2.916,3.24137931,0.531034482758621,,N,,,A,Barbri,1,N,0,N,N,,4.5,3.17,149.5,136.1,285.6
2024,P,25.6,161,3.98,B,B,B,3,3.126506024,0.36551724137931,,N,,A,C+,Barbri,0.965,N,0,N,ColleenPotts,,3,3.83,144.3,136.8,281.1
2024,P,25.4,156,3.63,B,B+,B+,3,2.916666667,0.206896551724138,,N,,,,Barbri,1,Y,0,Beyer,N,,4.5,3.33,151.9,154.2,306.1
2024,P,25.3,160,3.67,C+,B,B,2.5,2.81547619,0.158620689655172,,N,B+,,,Barbri,1,Y,0,Aycock,N,,3.5,3.67,146.9,143.2,290.1
2024,P,24.9,151,3.35,C+,B,C+,2.866,2.755555556,0.0896551724137931,,N,,,C+,Themis,0.7827,Y,0,Chapman,N,,3,4,146.9,151.3,298.2
2024,P,25.7,154,3.81,D+,B,C+,2.483,2.988636364,0.241379310344828,,N ,B+,,,Barbri,0.825,Y,4,Keffer,RebekahLuna,,4,3.17,144.3,144.5,288.8
2024,P,25.2,152,3.96,B,B+,A,3.316,3.32183908,0.6,,N,,,,Barbri,1,N,0,N,N,,4,3.17,144.3,140.6,284.9
2024,P,25.8,153,3.51,B,B,C+,3.316,3.303370787,0.572413793103448,,N,,A,,Themis,0.7698,N,0,N,ScoutBlosser,,4,3.67,151.9,128.6,280.5
2024,P,25.9,158,3.44,C+,D+,C+,2.566,2.615384615,0.0275862068965518,,N,B,,,Themis,0.7744,Y,0,Hardberger,N,,4.5,4,162,152.7,314.7
2024,P,30.6,154,3.8,A,A,B+,3.483,3.595505618,0.827586206896552,,N,,,,Themis,0.8527,Y,0,N,N,,4,3.5,149.5,150.6,300.1
2024,P,25.1,159,3.65,B+,B+,B+,3.516,3.640449438,0.855172413793103,,N,,,,Barbri,1,Y,2,N,N,,3,3.67,141.9,134.2,276.1
2024,P,25.7,153,3.77,B,B,A,3.466,3.444444444,0.696551724137931,,N,,,A,Themis,0.7505,Y,0,N,N,,4,5,172.1,171.8,343.9
2024,P,26.1,158,3.26,C+,C+,B,2.733,2.823863636,0.172413793103448,,N,,,,Barbri,0.861,N,0,RSherwin,N,,4,4.5,164.6,163.6,328.2
2024,P,25.4,154,4.02,A,A,A,3.883,3.829411765,0.931034482758621,,N,,,A,Themis,1,Y,4,N,N,,4,4.33,162,150.6,312.6
2024,P,32.5,153,3.63,B,A,A,3.283,3.540229885,0.76551724137931,,N,,,,Barbri,1,Y,0,N,ClayElliott,,3.5,3.67,146.9,151.3,298.2
2024,P,25.6,152,3.65,B,B,B,2.916,3.158823529,0.393103448275862,,N,,,,Themis,0.7026,Y,3,N,HolleyMcDaniel,,4.5,4,162,172.8,334.8
2024,P,29.1,159,3.21,C,C+,C+,2.35,2.763736264,0.103448275862069,,Y,B+,A,,Themis,0.7505,N,0,Lux,N,,3.5,5,167,153.5,320.5
2024,P,26.1,155,3.19,C+,C,C+,2.366,2.933333333,0.220689655172414,,Y,B,,B,Themis,0.8287,Y,0,Aycock,N,,3.5,3.33,141.9,143.9,285.8
2024,P,28.5,154,3.42,C,C+,C+,2.616,3.166666667,0.413793103448276,,N,A,A,,Kaplan,0.9848,N,0,N,BryanGreer,,4,3.5,149.5,129.9,279.4
2024,P,25.8,148,4.08,B+,A,B+,3.633,3.582278481,0.806896551724138,,N,,,A,Barbri,1,N,1,N,N,,3.5,3.83,149.5,152.7,302.2
2024,P,26.3,153,3.37,B,B,B,3.283,3.065217391,0.344827586206897,,N,,,B+,Barbri,0.824,N,0,N,N,,2.5,3.5,134.4,139.3,273.7
2024,P,28.4,157,3.82,C+,B,B+,3.05,3.425287356,0.655172413793103,,N,,,,Barbri,0.959,Y,0,N,N,,3.5,3.17,139.3,139.3,278.6
2024,P,26.3,161,3.48,C+,B,B,2.883,3.048780488,0.296551724137931,,N,,,,Barbri,1,Y,0,Beyer,N,,3.5,3.83,149.5,147.2,296.7
2024,P,26.1,154,3.84,B,A,B+,3.383,3.372093023,0.620689655172414,,N,,,B,Barbri,1,Y,2,N,N,,4.5,4.5,169.5,138,307.5
2024,P,38,153,3.7,T,T,T,T,3.1875,0.448275862068966,,N,,,A,Themis,0.9116,Y,0,N,N,,2.5,4,141.9,147.2,289.1
2024,P,25.6,159,3.76,B+,B,B+,3.166,3.252747253,0.537931034482759,,N,,,A,Barbri,0.978,Y,3,N,N,,3.5,3.33,141.9,152,293.9
2024,P,25.1,154,3.94,A,C+,B,3.366,3.67816092,0.882758620689655,,N,,,,Barbri,1,N,0,N,N,,5,3.5,159.4,156.4,315.8
2024,P,25.5,154,3.73,B,C+,B,3.233,3.481927711,0.737931034482759,,N,,,,Themis,1,Y,2,N,MariaOviedo,,5,4,167,149.9,316.9
2024,P,25.9,160,3.76,A,B+,A,3.75,3.707865169,0.896551724137931,,N,,,A,Barbri,0.848,N,0,N,N,,3.5,4,151.9,143.2,295.1
2024,P,26.8,157,3.65,B,A,A,3.233,3.461538462,0.731034482758621,,N,,,,Barbri,0.873,Y,0,N,N,,5,3.5,159.4,179.2,338.6
2024,P,29.1,157,2.8,B,C+,B+,2.7,2.793478261,0.137931034482759,,N,B+,,C+,Themis,0.6197,N,0,RSherwin,N,,3.5,3.67,146.9,140,286.9
2024,P,31.8,155,3.22,B,B+,C,2.733,3.1875,0.448275862068966,,N,,,B,Themis,0.9079,Y,0,N,N,,3,3.33,136.8,140,276.8
2024,P,27.5,158,3.77,B+,A,B+,3.616,3.850574713,0.944827586206897,,N,,,,Barbri,0.992,N,0,N,N,,2.5,3.67,136.8,157.9,294.7
2024,P,25.6,159,3.93,B+,B,C+,3.233,3.308139535,0.579310344827586,,N,,,,Themis,0.8637,Y,4,N,AshleyPirtle,,3,4.5,154.4,155.7,310.1
2024,P,25.8,149,3.35,B,D+,C,2.633,2.791208791,0.124137931034483,,N,B,A,C+,Barbri,0.974,Y,0,Stafford,N,,5,4,167,150.6,317.6
2024,P,31.1,157,3.26,B+,B+,B+,3.433,3.590909091,0.820689655172414,,N,,,,Kaplan,0.924,N,0,N,N,,4,3.17,144.3,134.2,278.5
2024,P,25.9,156,3.39,C+,B,A,3.133,3.174157303,0.427586206896552,,N,,,B+,Barbri,0.858,Y,4,N,N,,3.5,3.83,149.5,157.2,306.7
2024,P,26.7,160,3.27,B+,B,C+,3.1,3.161111111,0.4,,N,,,,Barbri,0.909,Y,3,N,N,,5,3.83,164.6,157.2,321.8
2024,P,28.6,157,3.14,B,D,C+,2.483,2.819767442,0.16551724137931,,N,B+,A,B+,Themis,0.9337,Y,0,Corn,DavidRice,,5,4.33,172.1,147.9,320
2024,P,25.4,152,3.72,A,B,B,3.666,3.724719101,0.903448275862069,,N,,,,Barbri,1,Y,0,N,N,,4.5,4.17,164.6,150.6,315.2
2024,P,29.5,157,3.44,C+,B,B,2.916,3.283333333,0.551724137931034,,N,,,A,Helix,0.295,N,1,N,N,,4,4.33,162,167.1,329.1
2024,P,25.5,150,3.67,B,A,B,3.15,3.230337079,0.503448275862069,,N,,,B+,Barbri,0.986,Y,1,N,N,,2,3.17,124.2,151.3,275.5
2024,P,31.5,159,3.14,A,B,B+,3.116,3.217391304,0.482758620689655,,N,,,,Barbri,0.892,Y,4,N,N,,3.5,3.67,146.9,149.2,296.1
2024,P,26.5,150,3.66,C,B,A,2.35,2.844444444,0.186206896551724,,N ,A,A,A,Kaplan,0.997,Y,0,RSherwin,N,,2.5,3.33,131.8,146.5,278.3
2024,P,29.4,157,3.66,A,B,B,3.2,3.572222222,0.786206896551724,,N,,,,Barbri,0.835,Y,0,N,N,,2.5,3.33,131.8,146.5,278.3
2024,P,30.6,160,2.67,B,B,C+,3.05,3.214285714,0.468965517241379,,N,,,,Barbri,0.97,N,0,N,N,,3.5,4,151.9,149.9,301.8
2024,P,26.4,158,3.6,B,B,B,2.566,2.761363636,0.096551724137931,,N,A,A,B,Barbri,0.783,Y,0,Chapman,N,,3.5,3.83,149.5,153.5,303
2024,P,34.2,160,2.98,A,B,B,3.35,3.441860465,0.682758620689655,,N,,,,Barbri,0.997,Y,2,N,N,,4.5,3.83,159.4,155.7,315.1
2024,P,25.9,162,3.72,C+,C,B,2.6,2.755681818,0.0896551724137931,,N,A,,C,Themis,0.8232,Y,0,Corn,N,,3.5,3.5,144.3,127.4,271.7
2024,P,24.9,156,3.48,C+,B,C+,3.166,3.443181818,0.689655172413793,,N,,A,A,Barbri,0.856,N,0,N,N,,3.5,3.83,149.5,150.6,300.1